NORTHEAST REGION FISH BYCATCH BY FISHERY 4,,,,,,
First Edition Update 2: 2013 Data,,,,,,
COMMON NAME,SCIENTIFIC NAME,YEAR,BYCATCH,UNIT,CV,FOOTNOTE(S)
Mid-Atlantic Extra-Large-Mesh Gillnet,,,,,,
Acadian redfish,Sebastes fasciatus,2013,                   0.00,POUND,,a
American plaice,Hippoglossoides platessoides,2013,                   0.00,POUND,,
Atlantic cod,Gadus morhua,2013,                   0.00,POUND,,b
Atlantic halibut,Hippoglossus hippoglossus,2013,                   0.00,POUND,,
Atlantic herring,Clupea harengus,2013,                   0.00,POUND,,
Atlantic mackerel,Scomber scombrus,2013,                   0.00,POUND,,
Atlantic salmon,Salmo salar,2013,                   0.00,POUND,,c
Atlantic surfclam,Spisula solidissima,2013,                   0.00,POUND,,
Atlantic wolffish,Anarhichas lupus,2013,                   0.00,POUND,,d
Black sea bass,Centropristis striata,2013,                   0.00,POUND,,
Bluefish,Pomatomus saltatrix,2013,"               9,046.83",POUND,.4601,
Butterfish,Peprilus triacanthus,2013,                   0.00,POUND,,
Goosefish,Lophius americanus,2013,"             228,431.72",POUND,.4692,"e, f"
Haddock,Melanogrammus aeglefinus,2013,                   0.00,POUND,,g
Longfin inshore squid,Loligo pealeii,2013,                   0.00,POUND,,h
Northern shortfin squid,Illex illecebrosus,2013,                   0.00,POUND,,i
Ocean pout,Zoarces americanus,2013,                   0.00,POUND,,
Ocean quahog,Arctica islandica,2013,                   0.00,POUND,,
Offshore hake,Merluccius albidus,2013,                   0.00,POUND,,
Pollock,Pollachius virens,2013,                 256.46,POUND,1.0585,
Red deepsea crab,Chaceon quinquedens,2013,                   0.00,POUND,,j
Red hake,Urophycis chuss,2013,                   0.00,POUND,,k
Scup,Stenotomus chrysops,2013,                   0.00,POUND,,
Sea scallop,Placopecten magellanicus,2013,                 264.01,POUND,1.0189,l
Silver hake,Merluccius bilinearis,2013,                   0.00,POUND,,m
Skate Complex,Rajidae,2013,"             464,137.76",POUND,.2732,n
Spiny dogfish,Squalus acanthias,2013,"             256,142.04",POUND,.3525,
Summer flounder,Paralichthys dentatus,2013,"              32,799.29",POUND,.5722,
Tilefish,Lopholatilus chamaeleonticeps,2013,                   0.00,POUND,,
White hake,Urophycis tenuis,2013,                   0.00,POUND,,
Windowpane,Scophthalmus aquosus,2013,                 112.27,POUND,.7325,"p, q"
Winter flounder,Pseudopleuronectes americanus,2013,                 301.72,POUND,1.0585,r
Witch flounder,Glyptocephalus cynoglossus,2013,                   0.00,POUND,,
Yellowtail flounder,Limanda ferruginea,2013,                   0.00,POUND,,s
TOTAL FISHERY BYCATCH,,,"             991,492.10",POUND,,
TOTAL FISHERY LANDINGS,,,"           6,517,681.26",POUND,,
TOTAL CATCH (Bycatch + Landings),,,"           7,509,173.36",POUND,,
FISHERY BYCATCH RATIO (Bycatch/Total Catch),,,  0.13,,,
Mid-Atlantic General Category Open Area Scallop Dredge,,,,,,
Acadian redfish,Sebastes fasciatus,2013,                   0.00,POUND,,a
American plaice,Hippoglossoides platessoides,2013,                  51.27,POUND,.772,
Atlantic cod,Gadus morhua,2013,                  17.09,POUND,.772,b
Atlantic halibut,Hippoglossus hippoglossus,2013,                   0.00,POUND,,
Atlantic herring,Clupea harengus,2013,                   0.00,POUND,,
Atlantic mackerel,Scomber scombrus,2013,                   0.00,POUND,,
Atlantic salmon,Salmo salar,2013,                   0.00,POUND,,c
Atlantic surfclam,Spisula solidissima,2013,                 856.60,POUND,1.0983,
Atlantic wolffish,Anarhichas lupus,2013,                   0.00,POUND,,d
Black sea bass,Centropristis striata,2013,                 199.21,POUND,.4659,
Bluefish,Pomatomus saltatrix,2013,                   0.00,POUND,,
Butterfish,Peprilus triacanthus,2013,                  44.04,POUND,.6656,
Goosefish,Lophius americanus,2013,"              64,274.54",POUND,.1702,"e, f"
Haddock,Melanogrammus aeglefinus,2013,                   0.00,POUND,,g
Longfin inshore squid,Loligo pealeii,2013,                 858.89,POUND,.3169,h
Northern shortfin squid,Illex illecebrosus,2013,                  16.95,POUND,1.0207,i
Ocean pout,Zoarces americanus,2013,                   7.26,POUND,1.097,
Ocean quahog,Arctica islandica,2013,                   0.00,POUND,,
Offshore hake,Merluccius albidus,2013,                   0.00,POUND,,
Pollock,Pollachius virens,2013,                   0.00,POUND,,
Red deepsea crab,Chaceon quinquedens,2013,                   0.00,POUND,,j
Red hake,Urophycis chuss,2013,"               1,353.59",POUND,.3033,k
Scup,Stenotomus chrysops,2013,                 113.01,POUND,.4855,
Sea scallop,Placopecten magellanicus,2013,"             124,591.47",POUND,.262,l
Silver hake,Merluccius bilinearis,2013,"               1,506.77",POUND,.2389,m
Skate Complex,Rajidae,2013,"           1,394,427.19",POUND,.1281,n
Spiny dogfish,Squalus acanthias,2013,"               5,111.05",POUND,.2566,
Summer flounder,Paralichthys dentatus,2013,"              32,110.28",POUND,.1984,
Tilefish,Lopholatilus chamaeleonticeps,2013,                   0.00,POUND,,
White hake,Urophycis tenuis,2013,                   0.00,POUND,,
Windowpane,Scophthalmus aquosus,2013,"              46,929.38",POUND,.128,"p, q"
Winter flounder,Pseudopleuronectes americanus,2013,"               3,567.68",POUND,.3057,r
Witch flounder,Glyptocephalus cynoglossus,2013,                 254.54,POUND,.6058,
Yellowtail flounder,Limanda ferruginea,2013,"               7,822.99",POUND,.2159,s
TOTAL FISHERY BYCATCH,,,"           1,684,113.80",POUND,,
TOTAL FISHERY LANDINGS,,,"          10,772,280.47",POUND,,
TOTAL CATCH (Bycatch + Landings),,,"          12,456,394.27",POUND,,
FISHERY BYCATCH RATIO (Bycatch/Total Catch),,,  0.14,,,
Mid-Atlantic General Category Open Area Scallop Trawl,,,,,,
Acadian redfish,Sebastes fasciatus,2013,                   0.00,POUND,,a
American plaice,Hippoglossoides platessoides,2013,                   0.00,POUND,,
Atlantic cod,Gadus morhua,2013,                   0.00,POUND,,b
Atlantic halibut,Hippoglossus hippoglossus,2013,                   0.00,POUND,,
Atlantic herring,Clupea harengus,2013,                   0.00,POUND,,
Atlantic mackerel,Scomber scombrus,2013,                   0.00,POUND,,
Atlantic salmon,Salmo salar,2013,                   0.00,POUND,,c
Atlantic surfclam,Spisula solidissima,2013,                   0.00,POUND,,
Atlantic wolffish,Anarhichas lupus,2013,                   0.00,POUND,,d
Black sea bass,Centropristis striata,2013,                   0.00,POUND,,
Bluefish,Pomatomus saltatrix,2013,                   0.00,POUND,,
Butterfish,Peprilus triacanthus,2013,                 123.75,POUND,.6971,
Goosefish,Lophius americanus,2013,"              13,528.39",POUND,.2316,"e, f"
Haddock,Melanogrammus aeglefinus,2013,                  26.90,POUND,1.0266,g
Longfin inshore squid,Loligo pealeii,2013,                 231.75,POUND,.3693,h
Northern shortfin squid,Illex illecebrosus,2013,                   6.21,POUND,.8429,i
Ocean pout,Zoarces americanus,2013,                 578.30,POUND,.7922,
Ocean quahog,Arctica islandica,2013,                   0.00,POUND,,
Offshore hake,Merluccius albidus,2013,                   0.00,POUND,,
Pollock,Pollachius virens,2013,                   0.00,POUND,,
Red deepsea crab,Chaceon quinquedens,2013,                   0.00,POUND,,j
Red hake,Urophycis chuss,2013,                 405.89,POUND,.5372,k
Scup,Stenotomus chrysops,2013,                   0.00,POUND,,
Sea scallop,Placopecten magellanicus,2013,"             120,360.68",POUND,.3738,l
Silver hake,Merluccius bilinearis,2013,"               1,533.55",POUND,.6865,m
Skate Complex,Rajidae,2013,"             789,369.07",POUND,.2275,n
Spiny dogfish,Squalus acanthias,2013,"              36,418.01",POUND,.3687,
Summer flounder,Paralichthys dentatus,2013,"              13,612.97",POUND,.4288,
Tilefish,Lopholatilus chamaeleonticeps,2013,                   0.00,POUND,,
White hake,Urophycis tenuis,2013,                   0.00,POUND,,
Windowpane,Scophthalmus aquosus,2013,"               4,107.82",POUND,.4049,"p, q"
Winter flounder,Pseudopleuronectes americanus,2013,"               3,120.80",POUND,.544,r
Witch flounder,Glyptocephalus cynoglossus,2013,                  80.70,POUND,.8559,
Yellowtail flounder,Limanda ferruginea,2013,"               4,630.54",POUND,.2272,s
TOTAL FISHERY BYCATCH,,,"             988,135.33",POUND,,
TOTAL FISHERY LANDINGS,,,"           1,232,003.80",POUND,,
TOTAL CATCH (Bycatch + Landings),,,"           2,220,139.13",POUND,,
FISHERY BYCATCH RATIO (Bycatch/Total Catch),,,  0.45,,,
Mid-Atlantic Large-Mesh Gillnet,,,,,,
Acadian redfish,Sebastes fasciatus,2013,                   0.00,POUND,,a
American plaice,Hippoglossoides platessoides,2013,                  72.91,POUND,1.0391,
Atlantic cod,Gadus morhua,2013,"               1,166.53",POUND,1.0391,b
Atlantic halibut,Hippoglossus hippoglossus,2013,                   0.00,POUND,,
Atlantic herring,Clupea harengus,2013,                   0.00,POUND,,
Atlantic mackerel,Scomber scombrus,2013,                   0.00,POUND,,
Atlantic salmon,Salmo salar,2013,                   0.00,POUND,,c
Atlantic surfclam,Spisula solidissima,2013,                   0.00,POUND,,
Atlantic wolffish,Anarhichas lupus,2013,                   0.00,POUND,,d
Black sea bass,Centropristis striata,2013,                   0.00,POUND,,
Bluefish,Pomatomus saltatrix,2013,                   0.00,POUND,,
Butterfish,Peprilus triacanthus,2013,                   0.00,POUND,,
Goosefish,Lophius americanus,2013,                   0.00,POUND,,"e, f"
Haddock,Melanogrammus aeglefinus,2013,                   0.00,POUND,,g
Longfin inshore squid,Loligo pealeii,2013,                   0.00,POUND,,h
Northern shortfin squid,Illex illecebrosus,2013,                   0.00,POUND,,i
Ocean pout,Zoarces americanus,2013,                   0.00,POUND,,
Ocean quahog,Arctica islandica,2013,                   0.00,POUND,,
Offshore hake,Merluccius albidus,2013,                   0.00,POUND,,
Pollock,Pollachius virens,2013,                 145.82,POUND,1.0391,
Red deepsea crab,Chaceon quinquedens,2013,                   0.00,POUND,,j
Red hake,Urophycis chuss,2013,                   0.00,POUND,,k
Scup,Stenotomus chrysops,2013,                   0.00,POUND,,
Sea scallop,Placopecten magellanicus,2013,                   0.00,POUND,,l
Silver hake,Merluccius bilinearis,2013,                   0.00,POUND,,m
Skate Complex,Rajidae,2013,"              29,424.45",POUND,.972,n
Spiny dogfish,Squalus acanthias,2013,"             125,469.33",POUND,.787,
Summer flounder,Paralichthys dentatus,2013,"               1,420.22",POUND,.6989,
Tilefish,Lopholatilus chamaeleonticeps,2013,                   0.00,POUND,,
White hake,Urophycis tenuis,2013,                   0.00,POUND,,
Windowpane,Scophthalmus aquosus,2013,                 845.64,POUND,1.403,"p, q"
Winter flounder,Pseudopleuronectes americanus,2013,                   0.00,POUND,,r
Witch flounder,Glyptocephalus cynoglossus,2013,                  72.91,POUND,1.0391,
Yellowtail flounder,Limanda ferruginea,2013,                   0.00,POUND,,s
TOTAL FISHERY BYCATCH,,,"             158,617.81",POUND,,
TOTAL FISHERY LANDINGS,,,"           4,705,844.77",POUND,,
TOTAL CATCH (Bycatch + Landings),,,"           4,864,462.58",POUND,,
FISHERY BYCATCH RATIO (Bycatch/Total Catch),,,  0.03,,,
Mid-Atlantic Large-Mesh Otter Trawl,,,,,,
Acadian redfish,Sebastes fasciatus,2013,                 117.57,POUND,.6564,a
American plaice,Hippoglossoides platessoides,2013,"               4,558.83",POUND,.8269,
Atlantic cod,Gadus morhua,2013,                 334.42,POUND,.8485,b
Atlantic halibut,Hippoglossus hippoglossus,2013,                   0.00,POUND,,
Atlantic herring,Clupea harengus,2013,                 750.90,POUND,1.3098,
Atlantic mackerel,Scomber scombrus,2013,                 233.35,POUND,1.7127,
Atlantic salmon,Salmo salar,2013,                   0.00,POUND,,c
Atlantic surfclam,Spisula solidissima,2013,"               7,453.69",POUND,.3916,
Atlantic wolffish,Anarhichas lupus,2013,                 358.77,POUND,.762,d
Black sea bass,Centropristis striata,2013,"              58,979.15",POUND,.3376,
Bluefish,Pomatomus saltatrix,2013,                 312.00,POUND,.9971,
Butterfish,Peprilus triacanthus,2013,"               4,545.49",POUND,.6664,
Goosefish,Lophius americanus,2013,"              35,391.49",POUND,.5348,"e, f"
Haddock,Melanogrammus aeglefinus,2013,                  51.15,POUND,2.1666,g
Longfin inshore squid,Loligo pealeii,2013,"              10,267.90",POUND,.6513,h
Northern shortfin squid,Illex illecebrosus,2013,                 317.81,POUND,1.9989,i
Ocean pout,Zoarces americanus,2013,"              31,669.28",POUND,.4719,
Ocean quahog,Arctica islandica,2013,                 171.59,POUND,.5442,
Offshore hake,Merluccius albidus,2013,                   0.00,POUND,,
Pollock,Pollachius virens,2013,                   0.00,POUND,,
Red deepsea crab,Chaceon quinquedens,2013,                   0.00,POUND,,j
Red hake,Urophycis chuss,2013,"               4,577.01",POUND,.4295,k
Scup,Stenotomus chrysops,2013,"             161,169.99",POUND,.2483,
Sea scallop,Placopecten magellanicus,2013,"             119,000.74",POUND,.5521,l
Silver hake,Merluccius bilinearis,2013,"              21,064.21",POUND,.2847,m
Skate Complex,Rajidae,2013,"          17,842,097.07",POUND,.1397,n
Spiny dogfish,Squalus acanthias,2013,"           2,155,357.34",POUND,.3479,
Summer flounder,Paralichthys dentatus,2013,"             346,964.88",POUND,.263,
Tilefish,Lopholatilus chamaeleonticeps,2013,                  15.98,POUND,2.1555,
White hake,Urophycis tenuis,2013,                  53.04,POUND,.7604,
Windowpane,Scophthalmus aquosus,2013,"             530,778.40",POUND,.1061,"p, q"
Winter flounder,Pseudopleuronectes americanus,2013,"              92,299.88",POUND,.1916,r
Witch flounder,Glyptocephalus cynoglossus,2013,"               9,726.22",POUND,.5193,
Yellowtail flounder,Limanda ferruginea,2013,"              43,072.79",POUND,.5291,s
TOTAL FISHERY BYCATCH,,,"          21,481,690.94",POUND,,
TOTAL FISHERY LANDINGS,,,"          13,767,602.61",POUND,,
TOTAL CATCH (Bycatch + Landings),,,"          35,249,293.55",POUND,,
FISHERY BYCATCH RATIO (Bycatch/Total Catch),,,  0.61,,,
Mid-Atlantic Limited Access Closed Area Scallop Dredge,,,,,,
Acadian redfish,Sebastes fasciatus,2013,                   0.00,POUND,,a
American plaice,Hippoglossoides platessoides,2013,                   4.97,POUND,.8045,
Atlantic cod,Gadus morhua,2013,                   0.00,POUND,,b
Atlantic halibut,Hippoglossus hippoglossus,2013,                   0.00,POUND,,
Atlantic herring,Clupea harengus,2013,                   0.00,POUND,,
Atlantic mackerel,Scomber scombrus,2013,                   0.00,POUND,,
Atlantic salmon,Salmo salar,2013,                   0.00,POUND,,c
Atlantic surfclam,Spisula solidissima,2013,                   0.00,POUND,,
Atlantic wolffish,Anarhichas lupus,2013,                   0.00,POUND,,d
Black sea bass,Centropristis striata,2013,"               3,502.89",POUND,.2903,
Bluefish,Pomatomus saltatrix,2013,                   0.00,POUND,,
Butterfish,Peprilus triacanthus,2013,                  27.09,POUND,.5848,
Goosefish,Lophius americanus,2013,"             497,881.56",POUND,.1167,"e, f"
Haddock,Melanogrammus aeglefinus,2013,                   0.00,POUND,,g
Longfin inshore squid,Loligo pealeii,2013,                 593.10,POUND,.311,h
Northern shortfin squid,Illex illecebrosus,2013,                 342.67,POUND,.9987,i
Ocean pout,Zoarces americanus,2013,                   0.00,POUND,,
Ocean quahog,Arctica islandica,2013,                 182.08,POUND,.6691,
Offshore hake,Merluccius albidus,2013,                   0.00,POUND,,
Pollock,Pollachius virens,2013,                   0.00,POUND,,
Red deepsea crab,Chaceon quinquedens,2013,                   0.00,POUND,,j
Red hake,Urophycis chuss,2013,"               2,035.34",POUND,.1922,k
Scup,Stenotomus chrysops,2013,"               1,900.27",POUND,.3016,
Sea scallop,Placopecten magellanicus,2013,"           1,885,938.64",POUND,.3505,l
Silver hake,Merluccius bilinearis,2013,"               6,660.99",POUND,.2887,m
Skate Complex,Rajidae,2013,"           1,587,749.33",POUND,.1151,n
Spiny dogfish,Squalus acanthias,2013,"              78,360.54",POUND,.1836,
Summer flounder,Paralichthys dentatus,2013,"             186,805.39",POUND,.1661,
Tilefish,Lopholatilus chamaeleonticeps,2013,                   0.00,POUND,,
White hake,Urophycis tenuis,2013,                 238.01,POUND,.6575,
Windowpane,Scophthalmus aquosus,2013,"               2,718.12",POUND,.488,"p, q"
Winter flounder,Pseudopleuronectes americanus,2013,                  74.19,POUND,.9724,r
Witch flounder,Glyptocephalus cynoglossus,2013,"               5,504.81",POUND,.1876,
Yellowtail flounder,Limanda ferruginea,2013,"               1,357.00",POUND,.4256,s
TOTAL FISHERY BYCATCH,,,"           4,261,876.99",POUND,,
TOTAL FISHERY LANDINGS,,,"          24,525,040.82",POUND,,
TOTAL CATCH (Bycatch + Landings),,,"          28,786,917.81",POUND,,
FISHERY BYCATCH RATIO (Bycatch/Total Catch),,,  0.15,,,
Mid-Atlantic Limited Access Open Area Scallop Dredge,,,,,,
Acadian redfish,Sebastes fasciatus,2013,                   0.00,POUND,,a
American plaice,Hippoglossoides platessoides,2013,                  83.95,POUND,.7926,
Atlantic cod,Gadus morhua,2013,                 100.04,POUND,1.0054,b
Atlantic halibut,Hippoglossus hippoglossus,2013,                   0.00,POUND,,
Atlantic herring,Clupea harengus,2013,                 142.30,POUND,.6427,
Atlantic mackerel,Scomber scombrus,2013,                  32.31,POUND,.6662,
Atlantic salmon,Salmo salar,2013,                   0.00,POUND,,c
Atlantic surfclam,Spisula solidissima,2013,                   0.00,POUND,,
Atlantic wolffish,Anarhichas lupus,2013,                   0.00,POUND,,d
Black sea bass,Centropristis striata,2013,"               6,023.61",POUND,.36,
Bluefish,Pomatomus saltatrix,2013,                 112.63,POUND,1.13,
Butterfish,Peprilus triacanthus,2013,                 394.58,POUND,.4763,
Goosefish,Lophius americanus,2013,"             918,908.39",POUND,.1256,"e, f"
Haddock,Melanogrammus aeglefinus,2013,                   7.13,POUND,1.1352,g
Longfin inshore squid,Loligo pealeii,2013,"               2,924.04",POUND,.251,h
Northern shortfin squid,Illex illecebrosus,2013,                  51.84,POUND,.6307,i
Ocean pout,Zoarces americanus,2013,                 464.58,POUND,.4384,
Ocean quahog,Arctica islandica,2013,                   0.00,POUND,,
Offshore hake,Merluccius albidus,2013,                   0.00,POUND,,
Pollock,Pollachius virens,2013,                   0.00,POUND,,
Red deepsea crab,Chaceon quinquedens,2013,                   0.00,POUND,,j
Red hake,Urophycis chuss,2013,"              10,480.50",POUND,.2628,k
Scup,Stenotomus chrysops,2013,"               2,592.97",POUND,.5291,
Sea scallop,Placopecten magellanicus,2013,"             507,875.94",POUND,.2598,l
Silver hake,Merluccius bilinearis,2013,"              11,330.73",POUND,.32,m
Skate Complex,Rajidae,2013,"           6,308,816.13",POUND,.0915,n
Spiny dogfish,Squalus acanthias,2013,"              98,885.32",POUND,.2282,
Summer flounder,Paralichthys dentatus,2013,"             341,207.91",POUND,.1802,
Tilefish,Lopholatilus chamaeleonticeps,2013,                   0.00,POUND,,
White hake,Urophycis tenuis,2013,                  19.96,POUND,1.133,
Windowpane,Scophthalmus aquosus,2013,"             102,103.95",POUND,.1744,"p, q"
Winter flounder,Pseudopleuronectes americanus,2013,"              12,656.96",POUND,.2954,r
Witch flounder,Glyptocephalus cynoglossus,2013,"               2,459.97",POUND,.2295,
Yellowtail flounder,Limanda ferruginea,2013,"              46,855.59",POUND,.1795,s
TOTAL FISHERY BYCATCH,,,"           8,374,531.33",POUND,,
TOTAL FISHERY LANDINGS,,,"          66,556,205.56",POUND,,
TOTAL CATCH (Bycatch + Landings),,,"          74,930,736.89",POUND,,
FISHERY BYCATCH RATIO (Bycatch/Total Catch),,,  0.11,,,
Mid-Atlantic Small-Mesh Gillnet,,,,,,
Acadian redfish,Sebastes fasciatus,2013,                   0.00,POUND,,a
American plaice,Hippoglossoides platessoides,2013,                   0.00,POUND,,
Atlantic cod,Gadus morhua,2013,                   0.00,POUND,,b
Atlantic halibut,Hippoglossus hippoglossus,2013,                   0.00,POUND,,
Atlantic herring,Clupea harengus,2013,                   0.00,POUND,,
Atlantic mackerel,Scomber scombrus,2013,                   0.00,POUND,,
Atlantic salmon,Salmo salar,2013,                   0.00,POUND,,c
Atlantic surfclam,Spisula solidissima,2013,                   0.00,POUND,,
Atlantic wolffish,Anarhichas lupus,2013,                   0.00,POUND,,d
Black sea bass,Centropristis striata,2013,                   0.00,POUND,,
Bluefish,Pomatomus saltatrix,2013,                 215.01,POUND,.9497,
Butterfish,Peprilus triacanthus,2013,                 215.01,POUND,.996,
Goosefish,Lophius americanus,2013,                   0.00,POUND,,"e, f"
Haddock,Melanogrammus aeglefinus,2013,                   0.00,POUND,,g
Longfin inshore squid,Loligo pealeii,2013,                   0.00,POUND,,h
Northern shortfin squid,Illex illecebrosus,2013,                   0.00,POUND,,i
Ocean pout,Zoarces americanus,2013,                   0.00,POUND,,
Ocean quahog,Arctica islandica,2013,                   0.00,POUND,,
Offshore hake,Merluccius albidus,2013,                   0.00,POUND,,
Pollock,Pollachius virens,2013,                   0.00,POUND,,
Red deepsea crab,Chaceon quinquedens,2013,                   0.00,POUND,,j
Red hake,Urophycis chuss,2013,                   0.00,POUND,,k
Scup,Stenotomus chrysops,2013,                   0.00,POUND,,
Sea scallop,Placopecten magellanicus,2013,                   0.00,POUND,,l
Silver hake,Merluccius bilinearis,2013,                   0.00,POUND,,m
Skate Complex,Rajidae,2013,                   0.00,POUND,,n
Spiny dogfish,Squalus acanthias,2013,"              15,889.26",POUND,.8032,
Summer flounder,Paralichthys dentatus,2013,                 331.65,POUND,.7528,
Tilefish,Lopholatilus chamaeleonticeps,2013,                   0.00,POUND,,
White hake,Urophycis tenuis,2013,                   0.00,POUND,,
Windowpane,Scophthalmus aquosus,2013,                  70.18,POUND,1.7031,"p, q"
Winter flounder,Pseudopleuronectes americanus,2013,                   0.00,POUND,,r
Witch flounder,Glyptocephalus cynoglossus,2013,                   0.00,POUND,,
Yellowtail flounder,Limanda ferruginea,2013,                   0.00,POUND,,s
TOTAL FISHERY BYCATCH,,,"              16,721.11",POUND,,
TOTAL FISHERY LANDINGS,,,"           2,788,965.44",POUND,,
TOTAL CATCH (Bycatch + Landings),,,"           2,805,686.55",POUND,,
FISHERY BYCATCH RATIO (Bycatch/Total Catch),,,<0.01,,,
Mid-Atlantic Small-Mesh Otter Trawl,,,,,,
Acadian redfish,Sebastes fasciatus,2013,                 326.46,POUND,.9023,a
American plaice,Hippoglossoides platessoides,2013,                 716.81,POUND,1.1116,
Atlantic cod,Gadus morhua,2013,                 320.66,POUND,.6587,b
Atlantic halibut,Hippoglossus hippoglossus,2013,                   0.00,POUND,,
Atlantic herring,Clupea harengus,2013,"              13,666.07",POUND,.4903,
Atlantic mackerel,Scomber scombrus,2013,"              13,931.06",POUND,.5242,
Atlantic salmon,Salmo salar,2013,                   0.00,POUND,,c
Atlantic surfclam,Spisula solidissima,2013,"               1,905.76",POUND,.5019,
Atlantic wolffish,Anarhichas lupus,2013,                   0.00,POUND,,d
Black sea bass,Centropristis striata,2013,"             166,232.30",POUND,.3843,
Bluefish,Pomatomus saltatrix,2013,"              45,438.39",POUND,.8439,
Butterfish,Peprilus triacanthus,2013,"             450,585.29",POUND,.2515,
Goosefish,Lophius americanus,2013,"              40,766.23",POUND,.3288,"e, f"
Haddock,Melanogrammus aeglefinus,2013,"              33,245.25",POUND,.8116,g
Longfin inshore squid,Loligo pealeii,2013,"             460,497.21",POUND,.4061,h
Northern shortfin squid,Illex illecebrosus,2013,"             426,150.85",POUND,.2701,i
Ocean pout,Zoarces americanus,2013,"               2,720.78",POUND,.5355,
Ocean quahog,Arctica islandica,2013,                  42.24,POUND,.6262,
Offshore hake,Merluccius albidus,2013,"               8,078.17",POUND,.7142,
Pollock,Pollachius virens,2013,                 184.29,POUND,.7945,
Red deepsea crab,Chaceon quinquedens,2013,"             112,595.80",POUND,.9596,j
Red hake,Urophycis chuss,2013,"             244,889.22",POUND,.3894,k
Scup,Stenotomus chrysops,2013,"             628,095.74",POUND,.3462,
Sea scallop,Placopecten magellanicus,2013,"             108,044.47",POUND,.3641,l
Silver hake,Merluccius bilinearis,2013,"             200,150.52",POUND,.3735,m
Skate Complex,Rajidae,2013,"           4,766,582.15",POUND,.223,n
Spiny dogfish,Squalus acanthias,2013,"           1,783,438.96",POUND,.2785,
Summer flounder,Paralichthys dentatus,2013,"             117,472.50",POUND,.251,
Tilefish,Lopholatilus chamaeleonticeps,2013,                 631.74,POUND,.495,
White hake,Urophycis tenuis,2013,                 156.31,POUND,1.0631,
Windowpane,Scophthalmus aquosus,2013,"             139,463.58",POUND,.2287,"p, q"
Winter flounder,Pseudopleuronectes americanus,2013,"              70,967.23",POUND,.3404,r
Witch flounder,Glyptocephalus cynoglossus,2013,"              48,981.13",POUND,.7132,
Yellowtail flounder,Limanda ferruginea,2013,"              16,804.75",POUND,.4373,s
TOTAL FISHERY BYCATCH,,,"           9,903,081.92",POUND,,
TOTAL FISHERY LANDINGS,,,"          53,682,805.29",POUND,,
TOTAL CATCH (Bycatch + Landings),,,"          63,585,887.21",POUND,,
FISHERY BYCATCH RATIO (Bycatch/Total Catch),,,  0.16,,,
New England Bottom Longline,,,,,,
Acadian redfish,Sebastes fasciatus,2013,                  26.70,POUND,.8554,a
American plaice,Hippoglossoides platessoides,2013,                   0.00,POUND,,
Atlantic cod,Gadus morhua,2013,"             253,578.22",POUND,.3657,b
Atlantic halibut,Hippoglossus hippoglossus,2013,                 961.19,POUND,.8536,
Atlantic herring,Clupea harengus,2013,                   0.00,POUND,,
Atlantic mackerel,Scomber scombrus,2013,                   0.00,POUND,,
Atlantic salmon,Salmo salar,2013,                   0.00,POUND,,c
Atlantic surfclam,Spisula solidissima,2013,                   0.00,POUND,,
Atlantic wolffish,Anarhichas lupus,2013,"               3,289.92",POUND,.6735,d
Black sea bass,Centropristis striata,2013,                   0.00,POUND,,
Bluefish,Pomatomus saltatrix,2013,                   0.00,POUND,,
Butterfish,Peprilus triacanthus,2013,                   0.00,POUND,,
Goosefish,Lophius americanus,2013,                   0.00,POUND,,"e, f"
Haddock,Melanogrammus aeglefinus,2013,"               9,895.54",POUND,.7881,g
Longfin inshore squid,Loligo pealeii,2013,                   0.00,POUND,,h
Northern shortfin squid,Illex illecebrosus,2013,                   0.00,POUND,,i
Ocean pout,Zoarces americanus,2013,"               3,058.67",POUND,.4099,
Ocean quahog,Arctica islandica,2013,                   0.00,POUND,,
Offshore hake,Merluccius albidus,2013,                   0.00,POUND,,
Pollock,Pollachius virens,2013,"               1,241.80",POUND,.7236,
Red deepsea crab,Chaceon quinquedens,2013,                   0.00,POUND,,j
Red hake,Urophycis chuss,2013,"               1,039.30",POUND,.5327,k
Scup,Stenotomus chrysops,2013,                   0.00,POUND,,
Sea scallop,Placopecten magellanicus,2013,                   0.00,POUND,,l
Silver hake,Merluccius bilinearis,2013,                   0.00,POUND,,m
Skate Complex,Rajidae,2013,"             612,295.20",POUND,.4549,n
Spiny dogfish,Squalus acanthias,2013,"              80,977.04",POUND,.6307,
Summer flounder,Paralichthys dentatus,2013,                   0.00,POUND,,
Tilefish,Lopholatilus chamaeleonticeps,2013,                   0.00,POUND,,
White hake,Urophycis tenuis,2013,                  53.40,POUND,.857,
Windowpane,Scophthalmus aquosus,2013,                   0.00,POUND,,"p, q"
Winter flounder,Pseudopleuronectes americanus,2013,                   0.00,POUND,,r
Witch flounder,Glyptocephalus cynoglossus,2013,                   0.00,POUND,,
Yellowtail flounder,Limanda ferruginea,2013,                  80.10,POUND,.8078,s
TOTAL FISHERY BYCATCH,,,"             966,497.08",POUND,,
TOTAL FISHERY LANDINGS,,,"           2,301,080.28",POUND,,
TOTAL CATCH (Bycatch + Landings),,,"           3,267,577.36",POUND,,
FISHERY BYCATCH RATIO (Bycatch/Total Catch),,,  0.30,,,
New England Extra-Large-Mesh Gillnet,,,,,,
Acadian redfish,Sebastes fasciatus,2013,                   1.45,POUND,.813,a
American plaice,Hippoglossoides platessoides,2013,                  25.24,POUND,.7264,
Atlantic cod,Gadus morhua,2013,"               5,292.73",POUND,.2605,b
Atlantic halibut,Hippoglossus hippoglossus,2013,"              19,710.97",POUND,.3051,
Atlantic herring,Clupea harengus,2013,                   0.00,POUND,,
Atlantic mackerel,Scomber scombrus,2013,                  43.20,POUND,.7194,
Atlantic salmon,Salmo salar,2013,                   0.00,POUND,,c
Atlantic surfclam,Spisula solidissima,2013,                   0.00,POUND,,
Atlantic wolffish,Anarhichas lupus,2013,                 296.68,POUND,.6046,d
Black sea bass,Centropristis striata,2013,                 182.95,POUND,.5682,
Bluefish,Pomatomus saltatrix,2013,"              12,004.98",POUND,.1553,
Butterfish,Peprilus triacanthus,2013,                   0.00,POUND,,
Goosefish,Lophius americanus,2013,"             286,252.51",POUND,.149,"e, f"
Haddock,Melanogrammus aeglefinus,2013,                 377.22,POUND,.5932,g
Longfin inshore squid,Loligo pealeii,2013,                   0.00,POUND,,h
Northern shortfin squid,Illex illecebrosus,2013,                   0.00,POUND,,i
Ocean pout,Zoarces americanus,2013,                   0.00,POUND,,
Ocean quahog,Arctica islandica,2013,                   3.62,POUND,.8114,
Offshore hake,Merluccius albidus,2013,                   0.00,POUND,,
Pollock,Pollachius virens,2013,"              11,228.05",POUND,.3039,
Red deepsea crab,Chaceon quinquedens,2013,                  27.66,POUND,1.2097,j
Red hake,Urophycis chuss,2013,                  64.29,POUND,.5711,k
Scup,Stenotomus chrysops,2013,                  63.95,POUND,.7865,
Sea scallop,Placopecten magellanicus,2013,                 497.71,POUND,.2769,l
Silver hake,Merluccius bilinearis,2013,                 702.52,POUND,.2225,m
Skate Complex,Rajidae,2013,"           2,095,484.31",POUND,.1555,n
Spiny dogfish,Squalus acanthias,2013,"             377,505.05",POUND,.1742,
Summer flounder,Paralichthys dentatus,2013,"              99,704.32",POUND,.2874,
Tilefish,Lopholatilus chamaeleonticeps,2013,"               3,108.55",POUND,.3795,
White hake,Urophycis tenuis,2013,"               4,100.81",POUND,.3141,
Windowpane,Scophthalmus aquosus,2013,                 139.08,POUND,.503,"p, q"
Winter flounder,Pseudopleuronectes americanus,2013,                  69.15,POUND,.9864,r
Witch flounder,Glyptocephalus cynoglossus,2013,                   0.00,POUND,,
Yellowtail flounder,Limanda ferruginea,2013,                  43.73,POUND,.7937,s
TOTAL FISHERY BYCATCH,,,"           2,916,930.73",POUND,,
TOTAL FISHERY LANDINGS,,,"          13,846,705.33",POUND,,
TOTAL CATCH (Bycatch + Landings),,,"          16,763,636.06",POUND,,
FISHERY BYCATCH RATIO (Bycatch/Total Catch),,,  0.17,,,
New England General Category Closed Area Scallop Dredge,,,,,,
Acadian redfish,Sebastes fasciatus,2013,                   0.00,POUND,,a
American plaice,Hippoglossoides platessoides,2013,                   0.00,POUND,,
Atlantic cod,Gadus morhua,2013,                   6.10,POUND,1.0673,b
Atlantic halibut,Hippoglossus hippoglossus,2013,                   0.00,POUND,,
Atlantic herring,Clupea harengus,2013,                   0.00,POUND,,
Atlantic mackerel,Scomber scombrus,2013,                   0.00,POUND,,
Atlantic salmon,Salmo salar,2013,                   0.00,POUND,,c
Atlantic surfclam,Spisula solidissima,2013,                   0.00,POUND,,
Atlantic wolffish,Anarhichas lupus,2013,                   0.00,POUND,,d
Black sea bass,Centropristis striata,2013,                   0.00,POUND,,
Bluefish,Pomatomus saltatrix,2013,                   0.00,POUND,,
Butterfish,Peprilus triacanthus,2013,                   0.00,POUND,,
Goosefish,Lophius americanus,2013,"               4,802.83",POUND,.5727,"e, f"
Haddock,Melanogrammus aeglefinus,2013,                   8.14,POUND,1.1042,g
Longfin inshore squid,Loligo pealeii,2013,                   0.00,POUND,,h
Northern shortfin squid,Illex illecebrosus,2013,                  20.35,POUND,1.1042,i
Ocean pout,Zoarces americanus,2013,                   0.00,POUND,,
Ocean quahog,Arctica islandica,2013,                   0.00,POUND,,
Offshore hake,Merluccius albidus,2013,                   0.00,POUND,,
Pollock,Pollachius virens,2013,                   0.00,POUND,,
Red deepsea crab,Chaceon quinquedens,2013,                   0.00,POUND,,j
Red hake,Urophycis chuss,2013,                 271.10,POUND,.4767,k
Scup,Stenotomus chrysops,2013,                   0.00,POUND,,
Sea scallop,Placopecten magellanicus,2013,"               8,465.06",POUND,.6336,l
Silver hake,Merluccius bilinearis,2013,                  39.02,POUND,.4902,m
Skate Complex,Rajidae,2013,"              20,194.06",POUND,.7596,n
Spiny dogfish,Squalus acanthias,2013,                 136.38,POUND,1.0895,
Summer flounder,Paralichthys dentatus,2013,                 519.77,POUND,.5999,
Tilefish,Lopholatilus chamaeleonticeps,2013,                   0.00,POUND,,
White hake,Urophycis tenuis,2013,                  41.17,POUND,1.117,
Windowpane,Scophthalmus aquosus,2013,                 284.69,POUND,.6863,"p, q"
Winter flounder,Pseudopleuronectes americanus,2013,"               1,368.34",POUND,1.026,r
Witch flounder,Glyptocephalus cynoglossus,2013,                   0.00,POUND,,
Yellowtail flounder,Limanda ferruginea,2013,                 733.19,POUND,.8998,s
TOTAL FISHERY BYCATCH,,,"              36,890.20",POUND,,
TOTAL FISHERY LANDINGS,,,"             994,614.78",POUND,,
TOTAL CATCH (Bycatch + Landings),,,"           1,031,504.98",POUND,,
FISHERY BYCATCH RATIO (Bycatch/Total Catch),,,  0.04,,,
New England General Category Open Area Scallop Dredge,,,,,,
Acadian redfish,Sebastes fasciatus,2013,                   0.00,POUND,,a
American plaice,Hippoglossoides platessoides,2013,                 967.03,POUND,.3788,
Atlantic cod,Gadus morhua,2013,                 551.31,POUND,.4877,b
Atlantic halibut,Hippoglossus hippoglossus,2013,                   0.00,POUND,,
Atlantic herring,Clupea harengus,2013,                   8.46,POUND,.8999,
Atlantic mackerel,Scomber scombrus,2013,                   0.00,POUND,,
Atlantic salmon,Salmo salar,2013,                   0.00,POUND,,c
Atlantic surfclam,Spisula solidissima,2013,                  56.05,POUND,1.0277,
Atlantic wolffish,Anarhichas lupus,2013,                   0.00,POUND,,d
Black sea bass,Centropristis striata,2013,                 301.86,POUND,.5136,
Bluefish,Pomatomus saltatrix,2013,                   0.00,POUND,,
Butterfish,Peprilus triacanthus,2013,                   8.46,POUND,.9013,
Goosefish,Lophius americanus,2013,"              42,630.71",POUND,.2225,"e, f"
Haddock,Melanogrammus aeglefinus,2013,                 289.57,POUND,.6429,g
Longfin inshore squid,Loligo pealeii,2013,                 102.53,POUND,.6617,h
Northern shortfin squid,Illex illecebrosus,2013,                  11.21,POUND,.7481,i
Ocean pout,Zoarces americanus,2013,                  85.94,POUND,.4312,
Ocean quahog,Arctica islandica,2013,                 962.84,POUND,1.1681,
Offshore hake,Merluccius albidus,2013,                   0.00,POUND,,
Pollock,Pollachius virens,2013,                   0.00,POUND,,
Red deepsea crab,Chaceon quinquedens,2013,                   0.00,POUND,,j
Red hake,Urophycis chuss,2013,"               2,748.16",POUND,.4135,k
Scup,Stenotomus chrysops,2013,                  58.95,POUND,.7981,
Sea scallop,Placopecten magellanicus,2013,"             241,968.75",POUND,.231,l
Silver hake,Merluccius bilinearis,2013,"               2,472.14",POUND,.2768,m
Skate Complex,Rajidae,2013,"             485,320.55",POUND,.1728,n
Spiny dogfish,Squalus acanthias,2013,"               6,222.82",POUND,.7094,
Summer flounder,Paralichthys dentatus,2013,"              12,103.89",POUND,.3303,
Tilefish,Lopholatilus chamaeleonticeps,2013,                   0.00,POUND,,
White hake,Urophycis tenuis,2013,                  48.18,POUND,.9441,
Windowpane,Scophthalmus aquosus,2013,"              11,728.35",POUND,.3801,"p, q"
Winter flounder,Pseudopleuronectes americanus,2013,"              12,494.85",POUND,.189,r
Witch flounder,Glyptocephalus cynoglossus,2013,                 864.31,POUND,.3975,
Yellowtail flounder,Limanda ferruginea,2013,"              13,802.95",POUND,.2019,s
TOTAL FISHERY BYCATCH,,,"             835,809.87",POUND,,
TOTAL FISHERY LANDINGS,,,"          11,193,148.11",POUND,,
TOTAL CATCH (Bycatch + Landings),,,"          12,028,957.98",POUND,,
FISHERY BYCATCH RATIO (Bycatch/Total Catch),,,  0.07,,,
New England Hand Line,,,,,,
Acadian redfish,Sebastes fasciatus,2013,"               2,548.12",POUND,.5326,a
American plaice,Hippoglossoides platessoides,2013,                   0.00,POUND,,
Atlantic cod,Gadus morhua,2013,"              47,200.07",POUND,.451,b
Atlantic halibut,Hippoglossus hippoglossus,2013,                   0.00,POUND,,
Atlantic herring,Clupea harengus,2013,                   0.00,POUND,,
Atlantic mackerel,Scomber scombrus,2013,                 436.52,POUND,2.1747,
Atlantic salmon,Salmo salar,2013,                   0.00,POUND,,c
Atlantic surfclam,Spisula solidissima,2013,                   0.00,POUND,,
Atlantic wolffish,Anarhichas lupus,2013,                   0.00,POUND,,d
Black sea bass,Centropristis striata,2013,                   0.00,POUND,,
Bluefish,Pomatomus saltatrix,2013,                   0.00,POUND,,
Butterfish,Peprilus triacanthus,2013,                   0.00,POUND,,
Goosefish,Lophius americanus,2013,                   0.00,POUND,,"e, f"
Haddock,Melanogrammus aeglefinus,2013,"              16,510.49",POUND,1.3772,g
Longfin inshore squid,Loligo pealeii,2013,                   0.00,POUND,,h
Northern shortfin squid,Illex illecebrosus,2013,                   0.00,POUND,,i
Ocean pout,Zoarces americanus,2013,                   0.00,POUND,,
Ocean quahog,Arctica islandica,2013,                   0.00,POUND,,
Offshore hake,Merluccius albidus,2013,                   0.00,POUND,,
Pollock,Pollachius virens,2013,"              92,203.39",POUND,1.1209,
Red deepsea crab,Chaceon quinquedens,2013,                   0.00,POUND,,j
Red hake,Urophycis chuss,2013,                   0.00,POUND,,k
Scup,Stenotomus chrysops,2013,                   0.00,POUND,,
Sea scallop,Placopecten magellanicus,2013,                   0.00,POUND,,l
Silver hake,Merluccius bilinearis,2013,                   0.00,POUND,,m
Skate Complex,Rajidae,2013,                   0.00,POUND,,n
Spiny dogfish,Squalus acanthias,2013,"               7,857.35",POUND,2.9106,
Summer flounder,Paralichthys dentatus,2013,                   0.00,POUND,,
Tilefish,Lopholatilus chamaeleonticeps,2013,                   0.00,POUND,,
White hake,Urophycis tenuis,2013,                   0.00,POUND,,
Windowpane,Scophthalmus aquosus,2013,                   0.00,POUND,,"p, q"
Winter flounder,Pseudopleuronectes americanus,2013,                   0.00,POUND,,r
Witch flounder,Glyptocephalus cynoglossus,2013,                   0.00,POUND,,
Yellowtail flounder,Limanda ferruginea,2013,                   0.00,POUND,,s
TOTAL FISHERY BYCATCH,,,"             166,755.94",POUND,,
TOTAL FISHERY LANDINGS,,,"           1,085,700.54",POUND,,
TOTAL CATCH (Bycatch + Landings),,,"           1,252,456.48",POUND,,
FISHERY BYCATCH RATIO (Bycatch/Total Catch),,,  0.13,,,
New England Large-Mesh Gillnet,,,,,,
Acadian redfish,Sebastes fasciatus,2013,"               5,738.72",POUND,.3139,a
American plaice,Hippoglossoides platessoides,2013,"               4,823.14",POUND,.1343,
Atlantic cod,Gadus morhua,2013,"              29,977.59",POUND,.0727,b
Atlantic halibut,Hippoglossus hippoglossus,2013,"               7,258.06",POUND,.1532,
Atlantic herring,Clupea harengus,2013,"               1,031.73",POUND,.2811,
Atlantic mackerel,Scomber scombrus,2013,"               2,113.95",POUND,.274,
Atlantic salmon,Salmo salar,2013,                  79.48,POUND,.6863,c
Atlantic surfclam,Spisula solidissima,2013,                   0.00,POUND,,
Atlantic wolffish,Anarhichas lupus,2013,"               4,661.79",POUND,.1433,d
Black sea bass,Centropristis striata,2013,                  19.65,POUND,.9434,
Bluefish,Pomatomus saltatrix,2013,                 290.18,POUND,.4954,
Butterfish,Peprilus triacanthus,2013,                  82.40,POUND,.3101,
Goosefish,Lophius americanus,2013,"               9,557.69",POUND,.1118,"e, f"
Haddock,Melanogrammus aeglefinus,2013,"               9,890.77",POUND,.1142,g
Longfin inshore squid,Loligo pealeii,2013,                   0.00,POUND,,h
Northern shortfin squid,Illex illecebrosus,2013,                   0.96,POUND,.8851,i
Ocean pout,Zoarces americanus,2013,                  19.39,POUND,.9732,
Ocean quahog,Arctica islandica,2013,                   0.00,POUND,,
Offshore hake,Merluccius albidus,2013,                   0.00,POUND,,
Pollock,Pollachius virens,2013,"             120,273.51",POUND,.0841,
Red deepsea crab,Chaceon quinquedens,2013,                 164.69,POUND,.3475,j
Red hake,Urophycis chuss,2013,"               2,321.17",POUND,.1224,k
Scup,Stenotomus chrysops,2013,                   7.86,POUND,.6839,
Sea scallop,Placopecten magellanicus,2013,                 924.22,POUND,.6564,l
Silver hake,Merluccius bilinearis,2013,"              14,540.21",POUND,.2411,m
Skate Complex,Rajidae,2013,"             108,637.12",POUND,.0869,n
Spiny dogfish,Squalus acanthias,2013,"           3,468,926.45",POUND,.0882,
Summer flounder,Paralichthys dentatus,2013,                 192.47,POUND,.4904,
Tilefish,Lopholatilus chamaeleonticeps,2013,                   0.00,POUND,,
White hake,Urophycis tenuis,2013,"              29,632.64",POUND,.1363,
Windowpane,Scophthalmus aquosus,2013,                 662.33,POUND,.3286,"p, q"
Winter flounder,Pseudopleuronectes americanus,2013,"               1,260.38",POUND,.1631,r
Witch flounder,Glyptocephalus cynoglossus,2013,                 385.49,POUND,.1458,
Yellowtail flounder,Limanda ferruginea,2013,"               4,592.25",POUND,.2037,s
TOTAL FISHERY BYCATCH,,,"           3,828,066.29",POUND,,
TOTAL FISHERY LANDINGS,,,"           8,316,885.37",POUND,,
TOTAL CATCH (Bycatch + Landings),,,"          12,144,951.66",POUND,,
FISHERY BYCATCH RATIO (Bycatch/Total Catch),,,  0.32,,,
New England Large-Mesh Haddock Separator Otter Trawl,,,,,,
Acadian redfish,Sebastes fasciatus,2013,"              23,017.46",POUND,.7195,a
American plaice,Hippoglossoides platessoides,2013,"               1,548.15",POUND,.2888,
Atlantic cod,Gadus morhua,2013,"               4,824.93",POUND,.6126,b
Atlantic halibut,Hippoglossus hippoglossus,2013,                 579.30,POUND,.5875,
Atlantic herring,Clupea harengus,2013,                  84.39,POUND,.5843,
Atlantic mackerel,Scomber scombrus,2013,                 301.23,POUND,.543,
Atlantic salmon,Salmo salar,2013,                   0.00,POUND,,c
Atlantic surfclam,Spisula solidissima,2013,                   0.00,POUND,,
Atlantic wolffish,Anarhichas lupus,2013,"               2,257.30",POUND,.5796,d
Black sea bass,Centropristis striata,2013,                   5.01,POUND,1.0666,
Bluefish,Pomatomus saltatrix,2013,                   0.00,POUND,,
Butterfish,Peprilus triacanthus,2013,                   2.70,POUND,.7197,
Goosefish,Lophius americanus,2013,                 248.50,POUND,.6126,"e, f"
Haddock,Melanogrammus aeglefinus,2013,"              50,414.00",POUND,.5086,g
Longfin inshore squid,Loligo pealeii,2013,                 155.90,POUND,1.319,h
Northern shortfin squid,Illex illecebrosus,2013,                 299.16,POUND,2.5605,i
Ocean pout,Zoarces americanus,2013,                  67.26,POUND,.7472,
Ocean quahog,Arctica islandica,2013,                   0.00,POUND,,
Offshore hake,Merluccius albidus,2013,                   0.00,POUND,,
Pollock,Pollachius virens,2013,"               8,032.42",POUND,2.1561,
Red deepsea crab,Chaceon quinquedens,2013,                   7.41,POUND,.7757,j
Red hake,Urophycis chuss,2013,"               3,244.16",POUND,.5279,k
Scup,Stenotomus chrysops,2013,                   0.00,POUND,,
Sea scallop,Placopecten magellanicus,2013,                  22.27,POUND,.5439,l
Silver hake,Merluccius bilinearis,2013,"               4,323.51",POUND,.5664,m
Skate Complex,Rajidae,2013,"              52,261.15",POUND,.4618,n
Spiny dogfish,Squalus acanthias,2013,"             133,498.35",POUND,.5886,
Summer flounder,Paralichthys dentatus,2013,                   0.00,POUND,,
Tilefish,Lopholatilus chamaeleonticeps,2013,                   0.00,POUND,,
White hake,Urophycis tenuis,2013,                  74.14,POUND,.7705,
Windowpane,Scophthalmus aquosus,2013,                  72.65,POUND,.8709,"p, q"
Winter flounder,Pseudopleuronectes americanus,2013,                  11.89,POUND,.9802,r
Witch flounder,Glyptocephalus cynoglossus,2013,                 448.30,POUND,.3241,
Yellowtail flounder,Limanda ferruginea,2013,                  38.40,POUND,.7451,s
TOTAL FISHERY BYCATCH,,,"             285,839.94",POUND,,
TOTAL FISHERY LANDINGS,,,"             825,145.02",POUND,,
TOTAL CATCH (Bycatch + Landings),,,"           1,110,984.96",POUND,,
FISHERY BYCATCH RATIO (Bycatch/Total Catch),,,  0.26,,,
New England Large-Mesh Otter Trawl,,,,,,
Acadian redfish,Sebastes fasciatus,2013,"             707,360.34",POUND,.1583,a
American plaice,Hippoglossoides platessoides,2013,"             295,847.71",POUND,.061,
Atlantic cod,Gadus morhua,2013,"             274,750.83",POUND,.1301,b
Atlantic halibut,Hippoglossus hippoglossus,2013,"              84,929.30",POUND,.0818,
Atlantic herring,Clupea harengus,2013,"              21,774.65",POUND,.156,
Atlantic mackerel,Scomber scombrus,2013,"               5,538.20",POUND,.3323,
Atlantic salmon,Salmo salar,2013,                   0.00,POUND,,c
Atlantic surfclam,Spisula solidissima,2013,                 222.33,POUND,.9134,
Atlantic wolffish,Anarhichas lupus,2013,"              40,560.21",POUND,.0961,d
Black sea bass,Centropristis striata,2013,"              30,689.51",POUND,.1919,
Bluefish,Pomatomus saltatrix,2013,"               1,111.11",POUND,.2943,
Butterfish,Peprilus triacanthus,2013,"               3,059.69",POUND,.37,
Goosefish,Lophius americanus,2013,"             787,175.21",POUND,.0716,"e, f"
Haddock,Melanogrammus aeglefinus,2013,"             819,975.16",POUND,.2009,g
Longfin inshore squid,Loligo pealeii,2013,"              20,251.51",POUND,.2505,h
Northern shortfin squid,Illex illecebrosus,2013,"              21,368.02",POUND,.0946,i
Ocean pout,Zoarces americanus,2013,"              95,413.53",POUND,.1169,
Ocean quahog,Arctica islandica,2013,                 623.54,POUND,.368,
Offshore hake,Merluccius albidus,2013,                 718.09,POUND,.5807,
Pollock,Pollachius virens,2013,"             133,231.65",POUND,.1216,
Red deepsea crab,Chaceon quinquedens,2013,"             296,461.94",POUND,.4255,j
Red hake,Urophycis chuss,2013,"             159,275.87",POUND,.0716,k
Scup,Stenotomus chrysops,2013,"              72,150.46",POUND,.3393,
Sea scallop,Placopecten magellanicus,2013,"             102,900.49",POUND,.2018,l
Silver hake,Merluccius bilinearis,2013,"             414,118.92",POUND,.101,m
Skate Complex,Rajidae,2013,"          40,563,498.02",POUND,.0814,n
Spiny dogfish,Squalus acanthias,2013,"           8,573,446.84",POUND,.0632,
Summer flounder,Paralichthys dentatus,2013,"           1,115,039.59",POUND,.1309,
Tilefish,Lopholatilus chamaeleonticeps,2013,                 704.02,POUND,.4729,
White hake,Urophycis tenuis,2013,"              19,236.63",POUND,.262,
Windowpane,Scophthalmus aquosus,2013,"             929,901.36",POUND,.1306,"p, q"
Winter flounder,Pseudopleuronectes americanus,2013,"             187,610.03",POUND,.1016,r
Witch flounder,Glyptocephalus cynoglossus,2013,"              95,247.38",POUND,.0848,
Yellowtail flounder,Limanda ferruginea,2013,"             212,103.97",POUND,.0991,s
TOTAL FISHERY BYCATCH,,,"          56,086,296.11",POUND,,
TOTAL FISHERY LANDINGS,,,"          59,980,968.36",POUND,,
TOTAL CATCH (Bycatch + Landings),,,"         116,067,264.47",POUND,,
FISHERY BYCATCH RATIO (Bycatch/Total Catch),,,  0.48,,,
New England Limited Access Closed Area Scallop Dredge,,,,,,
Acadian redfish,Sebastes fasciatus,2013,                   0.00,POUND,,a
American plaice,Hippoglossoides platessoides,2013,"               8,987.22",POUND,.4936,
Atlantic cod,Gadus morhua,2013,"               3,140.47",POUND,.2229,b
Atlantic halibut,Hippoglossus hippoglossus,2013,                   0.00,POUND,,
Atlantic herring,Clupea harengus,2013,                   6.03,POUND,1.0096,
Atlantic mackerel,Scomber scombrus,2013,                   6.03,POUND,1.0035,
Atlantic salmon,Salmo salar,2013,                   0.00,POUND,,c
Atlantic surfclam,Spisula solidissima,2013,                   0.00,POUND,,
Atlantic wolffish,Anarhichas lupus,2013,                   0.00,POUND,,d
Black sea bass,Centropristis striata,2013,                 243.05,POUND,.5383,
Bluefish,Pomatomus saltatrix,2013,                   0.00,POUND,,
Butterfish,Peprilus triacanthus,2013,                  28.15,POUND,.8492,
Goosefish,Lophius americanus,2013,"             687,852.97",POUND,.1155,"e, f"
Haddock,Melanogrammus aeglefinus,2013,"               1,070.14",POUND,.3588,g
Longfin inshore squid,Loligo pealeii,2013,                 806.27,POUND,.5885,h
Northern shortfin squid,Illex illecebrosus,2013,                 170.98,POUND,.6617,i
Ocean pout,Zoarces americanus,2013,                 910.39,POUND,.2689,
Ocean quahog,Arctica islandica,2013,"               6,766.57",POUND,.6559,
Offshore hake,Merluccius albidus,2013,                   0.00,POUND,,
Pollock,Pollachius virens,2013,                   0.00,POUND,,
Red deepsea crab,Chaceon quinquedens,2013,                   0.00,POUND,,j
Red hake,Urophycis chuss,2013,"              41,247.20",POUND,.1437,k
Scup,Stenotomus chrysops,2013,                  61.22,POUND,.8696,
Sea scallop,Placopecten magellanicus,2013,"           1,167,717.74",POUND,.242,l
Silver hake,Merluccius bilinearis,2013,"              20,835.67",POUND,.2081,m
Skate Complex,Rajidae,2013,"           3,075,231.40",POUND,.1032,n
Spiny dogfish,Squalus acanthias,2013,"              42,632.97",POUND,.2273,
Summer flounder,Paralichthys dentatus,2013,"             101,951.57",POUND,.2093,
Tilefish,Lopholatilus chamaeleonticeps,2013,                   0.00,POUND,,
White hake,Urophycis tenuis,2013,"               1,120.93",POUND,.501,
Windowpane,Scophthalmus aquosus,2013,"             157,528.98",POUND,.3495,"p, q"
Winter flounder,Pseudopleuronectes americanus,2013,"              45,394.27",POUND,.1976,r
Witch flounder,Glyptocephalus cynoglossus,2013,"               9,734.59",POUND,.2615,
Yellowtail flounder,Limanda ferruginea,2013,"              72,882.35",POUND,.1777,s
TOTAL FISHERY BYCATCH,,,"           5,446,327.16",POUND,,
TOTAL FISHERY LANDINGS,,,"          49,908,484.02",POUND,,
TOTAL CATCH (Bycatch + Landings),,,"          55,354,811.18",POUND,,
FISHERY BYCATCH RATIO (Bycatch/Total Catch),,,  0.10,,,
New England Limited Access Open Area Scallop Dredge,,,,,,
Acadian redfish,Sebastes fasciatus,2013,                  81.49,POUND,.866,a
American plaice,Hippoglossoides platessoides,2013,"              16,447.72",POUND,.3034,
Atlantic cod,Gadus morhua,2013,"               7,733.92",POUND,.1569,b
Atlantic halibut,Hippoglossus hippoglossus,2013,                 342.10,POUND,.6314,
Atlantic herring,Clupea harengus,2013,                  24.54,POUND,.4497,
Atlantic mackerel,Scomber scombrus,2013,                  51.28,POUND,.4758,
Atlantic salmon,Salmo salar,2013,                   0.00,POUND,,c
Atlantic surfclam,Spisula solidissima,2013,"               2,636.85",POUND,.7703,
Atlantic wolffish,Anarhichas lupus,2013,"               1,172.35",POUND,.3477,d
Black sea bass,Centropristis striata,2013,                 162.70,POUND,.3445,
Bluefish,Pomatomus saltatrix,2013,                   0.00,POUND,,
Butterfish,Peprilus triacanthus,2013,                  30.69,POUND,.6544,
Goosefish,Lophius americanus,2013,"           1,675,611.77",POUND,.2184,"e, f"
Haddock,Melanogrammus aeglefinus,2013,"               4,289.18",POUND,.2507,g
Longfin inshore squid,Loligo pealeii,2013,"               1,355.07",POUND,.8418,h
Northern shortfin squid,Illex illecebrosus,2013,                 591.75,POUND,.5485,i
Ocean pout,Zoarces americanus,2013,"               3,763.38",POUND,.1556,
Ocean quahog,Arctica islandica,2013,                 174.63,POUND,.6728,
Offshore hake,Merluccius albidus,2013,                   0.00,POUND,,
Pollock,Pollachius virens,2013,                  58.21,POUND,.6465,
Red deepsea crab,Chaceon quinquedens,2013,                  20.02,POUND,.9062,j
Red hake,Urophycis chuss,2013,"              66,114.05",POUND,.2785,k
Scup,Stenotomus chrysops,2013,                  13.40,POUND,.9453,
Sea scallop,Placopecten magellanicus,2013,"           5,128,211.54",POUND,.1695,l
Silver hake,Merluccius bilinearis,2013,"              32,620.48",POUND,.2718,m
Skate Complex,Rajidae,2013,"           5,582,378.10",POUND,.1698,n
Spiny dogfish,Squalus acanthias,2013,"              52,168.15",POUND,.2221,
Summer flounder,Paralichthys dentatus,2013,"              95,170.36",POUND,.2525,
Tilefish,Lopholatilus chamaeleonticeps,2013,                  13.20,POUND,.881,
White hake,Urophycis tenuis,2013,"               1,121.73",POUND,.3558,
Windowpane,Scophthalmus aquosus,2013,"              99,857.09",POUND,.1425,"p, q"
Winter flounder,Pseudopleuronectes americanus,2013,"             314,173.88",POUND,.1125,r
Witch flounder,Glyptocephalus cynoglossus,2013,"              36,028.17",POUND,.3013,
Yellowtail flounder,Limanda ferruginea,2013,"             113,609.04",POUND,.2321,s
TOTAL FISHERY BYCATCH,,,"          13,236,026.84",POUND,,
TOTAL FISHERY LANDINGS,,,"         165,428,935.50",POUND,,
TOTAL CATCH (Bycatch + Landings),,,"         178,664,962.34",POUND,,
FISHERY BYCATCH RATIO (Bycatch/Total Catch),,,  0.07,,,
New England Lobster Pots,,,,,,
Acadian redfish,Sebastes fasciatus,2013,"               1,946.21",POUND,1.5272,a
American plaice,Hippoglossoides platessoides,2013,                  37.97,POUND,1.183,
Atlantic cod,Gadus morhua,2013,"             283,262.76",POUND,.8514,b
Atlantic halibut,Hippoglossus hippoglossus,2013,                   0.00,POUND,,
Atlantic herring,Clupea harengus,2013,                   0.00,POUND,,
Atlantic mackerel,Scomber scombrus,2013,                   0.00,POUND,,
Atlantic salmon,Salmo salar,2013,                   0.00,POUND,,c
Atlantic surfclam,Spisula solidissima,2013,                   0.00,POUND,,
Atlantic wolffish,Anarhichas lupus,2013,                   0.00,POUND,,d
Black sea bass,Centropristis striata,2013,                 289.24,POUND,1.0733,
Bluefish,Pomatomus saltatrix,2013,                   0.00,POUND,,
Butterfish,Peprilus triacanthus,2013,                   0.00,POUND,,
Goosefish,Lophius americanus,2013,                   0.00,POUND,,"e, f"
Haddock,Melanogrammus aeglefinus,2013,"               1,492.78",POUND,.606,g
Longfin inshore squid,Loligo pealeii,2013,                   0.00,POUND,,h
Northern shortfin squid,Illex illecebrosus,2013,                   0.00,POUND,,i
Ocean pout,Zoarces americanus,2013,"               2,957.21",POUND,.5903,
Ocean quahog,Arctica islandica,2013,                   0.00,POUND,,
Offshore hake,Merluccius albidus,2013,                   0.00,POUND,,
Pollock,Pollachius virens,2013,                 166.58,POUND,1.6298,
Red deepsea crab,Chaceon quinquedens,2013,"               8,329.09",POUND,1.3929,j
Red hake,Urophycis chuss,2013,"               2,099.22",POUND,1.8336,k
Scup,Stenotomus chrysops,2013,                   0.00,POUND,,
Sea scallop,Placopecten magellanicus,2013,                  98.26,POUND,2.2803,l
Silver hake,Merluccius bilinearis,2013,                   0.00,POUND,,m
Skate Complex,Rajidae,2013,                   0.00,POUND,,n
Spiny dogfish,Squalus acanthias,2013,"               2,998.47",POUND,1.6298,
Summer flounder,Paralichthys dentatus,2013,                   0.00,POUND,,
Tilefish,Lopholatilus chamaeleonticeps,2013,                   0.00,POUND,,
White hake,Urophycis tenuis,2013,"             244,212.00",POUND,1.0957,
Windowpane,Scophthalmus aquosus,2013,                   0.00,POUND,,"p, q"
Winter flounder,Pseudopleuronectes americanus,2013,                   0.00,POUND,,r
Witch flounder,Glyptocephalus cynoglossus,2013,                   0.00,POUND,,
Yellowtail flounder,Limanda ferruginea,2013,                   0.00,POUND,,s
TOTAL FISHERY BYCATCH,,,"             547,889.79",POUND,,
TOTAL FISHERY LANDINGS,,,"          27,087,160.50",POUND,,
TOTAL CATCH (Bycatch + Landings),,,"          27,635,050.29",POUND,,
FISHERY BYCATCH RATIO (Bycatch/Total Catch),,,  0.02,,,
New England Mid-Water Otter Trawl,,,,,,
Acadian redfish,Sebastes fasciatus,2013,                 588.59,POUND,.6927,a
American plaice,Hippoglossoides platessoides,2013,                   0.00,POUND,,
Atlantic cod,Gadus morhua,2013,                  45.86,POUND,.764,b
Atlantic halibut,Hippoglossus hippoglossus,2013,                   0.00,POUND,,
Atlantic herring,Clupea harengus,2013,"               2,549.32",POUND,.6719,
Atlantic mackerel,Scomber scombrus,2013,                  49.26,POUND,.1834,
Atlantic salmon,Salmo salar,2013,                   0.00,POUND,,c
Atlantic surfclam,Spisula solidissima,2013,                   0.00,POUND,,
Atlantic wolffish,Anarhichas lupus,2013,                   0.00,POUND,,d
Black sea bass,Centropristis striata,2013,                   0.00,POUND,,
Bluefish,Pomatomus saltatrix,2013,                 103.40,POUND,.8676,
Butterfish,Peprilus triacanthus,2013,                 828.40,POUND,.9738,
Goosefish,Lophius americanus,2013,                  41.78,POUND,.9701,"e, f"
Haddock,Melanogrammus aeglefinus,2013,"              36,872.64",POUND,.7347,g
Longfin inshore squid,Loligo pealeii,2013,                 736.80,POUND,.969,h
Northern shortfin squid,Illex illecebrosus,2013,                  50.88,POUND,.9127,i
Ocean pout,Zoarces americanus,2013,                   7.83,POUND,1.1376,
Ocean quahog,Arctica islandica,2013,                   0.00,POUND,,
Offshore hake,Merluccius albidus,2013,                   0.00,POUND,,
Pollock,Pollachius virens,2013,                 420.16,POUND,.6351,
Red deepsea crab,Chaceon quinquedens,2013,                   0.00,POUND,,j
Red hake,Urophycis chuss,2013,                   3.17,POUND,.9814,k
Scup,Stenotomus chrysops,2013,                   0.00,POUND,,
Sea scallop,Placopecten magellanicus,2013,                   0.00,POUND,,l
Silver hake,Merluccius bilinearis,2013,"               3,764.89",POUND,.9646,m
Skate Complex,Rajidae,2013,                  84.98,POUND,.4096,n
Spiny dogfish,Squalus acanthias,2013,"              47,624.65",POUND,.4959,
Summer flounder,Paralichthys dentatus,2013,                   0.00,POUND,,
Tilefish,Lopholatilus chamaeleonticeps,2013,                   0.00,POUND,,
White hake,Urophycis tenuis,2013,                  12.43,POUND,.9701,
Windowpane,Scophthalmus aquosus,2013,                 120.75,POUND,.9606,"p, q"
Winter flounder,Pseudopleuronectes americanus,2013,                  17.67,POUND,.7228,r
Witch flounder,Glyptocephalus cynoglossus,2013,                   0.00,POUND,,
Yellowtail flounder,Limanda ferruginea,2013,                   0.00,POUND,,s
TOTAL FISHERY BYCATCH,,,"              93,923.46",POUND,,
TOTAL FISHERY LANDINGS,,,"         129,643,807.00",POUND,,
TOTAL CATCH (Bycatch + Landings),,,"         129,737,730.46",POUND,,
FISHERY BYCATCH RATIO (Bycatch/Total Catch),,,<0.01,,,
New England Purse Seine,,,,,,
Acadian redfish,Sebastes fasciatus,2013,                   0.00,POUND,,a
American plaice,Hippoglossoides platessoides,2013,                   0.00,POUND,,
Atlantic cod,Gadus morhua,2013,                   0.00,POUND,,b
Atlantic halibut,Hippoglossus hippoglossus,2013,                   0.00,POUND,,
Atlantic herring,Clupea harengus,2013,                 114.49,POUND,.2432,
Atlantic mackerel,Scomber scombrus,2013,                  33.19,POUND,.5594,
Atlantic salmon,Salmo salar,2013,                   0.00,POUND,,c
Atlantic surfclam,Spisula solidissima,2013,                   0.00,POUND,,
Atlantic wolffish,Anarhichas lupus,2013,                   0.00,POUND,,d
Black sea bass,Centropristis striata,2013,                   0.00,POUND,,
Bluefish,Pomatomus saltatrix,2013,                   0.00,POUND,,
Butterfish,Peprilus triacanthus,2013,                   6.07,POUND,.9564,
Goosefish,Lophius americanus,2013,                   0.00,POUND,,"e, f"
Haddock,Melanogrammus aeglefinus,2013,                   0.00,POUND,,g
Longfin inshore squid,Loligo pealeii,2013,                   0.00,POUND,,h
Northern shortfin squid,Illex illecebrosus,2013,                   0.00,POUND,,i
Ocean pout,Zoarces americanus,2013,                   0.00,POUND,,
Ocean quahog,Arctica islandica,2013,                   0.00,POUND,,
Offshore hake,Merluccius albidus,2013,                   0.00,POUND,,
Pollock,Pollachius virens,2013,                   0.00,POUND,,
Red deepsea crab,Chaceon quinquedens,2013,                   0.00,POUND,,j
Red hake,Urophycis chuss,2013,                   0.00,POUND,,k
Scup,Stenotomus chrysops,2013,                   0.00,POUND,,
Sea scallop,Placopecten magellanicus,2013,                   0.00,POUND,,l
Silver hake,Merluccius bilinearis,2013,                  10.92,POUND,.8377,m
Skate Complex,Rajidae,2013,                   0.00,POUND,,n
Spiny dogfish,Squalus acanthias,2013,"               8,736.60",POUND,.8167,
Summer flounder,Paralichthys dentatus,2013,                   0.00,POUND,,
Tilefish,Lopholatilus chamaeleonticeps,2013,                   0.00,POUND,,
White hake,Urophycis tenuis,2013,                   0.00,POUND,,
Windowpane,Scophthalmus aquosus,2013,                   0.00,POUND,,"p, q"
Winter flounder,Pseudopleuronectes americanus,2013,                   0.00,POUND,,r
Witch flounder,Glyptocephalus cynoglossus,2013,                   0.00,POUND,,
Yellowtail flounder,Limanda ferruginea,2013,                   0.00,POUND,,s
TOTAL FISHERY BYCATCH,,,"               8,901.27",POUND,,
TOTAL FISHERY LANDINGS,,,"          51,178,523.00",POUND,,
TOTAL CATCH (Bycatch + Landings),,,"          51,187,424.27",POUND,,
FISHERY BYCATCH RATIO (Bycatch/Total Catch),,,<0.01,,,
New England Shrimp Trawl,,,,,,
Acadian redfish,Sebastes fasciatus,2013,                 674.09,POUND,.7795,a
American plaice,Hippoglossoides platessoides,2013,"               3,277.58",POUND,.3673,
Atlantic cod,Gadus morhua,2013,                  65.91,POUND,.942,b
Atlantic halibut,Hippoglossus hippoglossus,2013,                  14.98,POUND,1.006,
Atlantic herring,Clupea harengus,2013,"              21,373.20",POUND,.367,
Atlantic mackerel,Scomber scombrus,2013,"              13,997.14",POUND,1.0046,
Atlantic salmon,Salmo salar,2013,                   0.00,POUND,,c
Atlantic surfclam,Spisula solidissima,2013,                   0.00,POUND,,
Atlantic wolffish,Anarhichas lupus,2013,                   0.00,POUND,,d
Black sea bass,Centropristis striata,2013,                   0.00,POUND,,
Bluefish,Pomatomus saltatrix,2013,                   0.00,POUND,,
Butterfish,Peprilus triacanthus,2013,                 976.68,POUND,.7911,
Goosefish,Lophius americanus,2013,                 293.60,POUND,.7799,"e, f"
Haddock,Melanogrammus aeglefinus,2013,"               1,671.75",POUND,.8896,g
Longfin inshore squid,Loligo pealeii,2013,                   3.00,POUND,.8954,h
Northern shortfin squid,Illex illecebrosus,2013,                 518.30,POUND,1.026,i
Ocean pout,Zoarces americanus,2013,                   5.99,POUND,.9956,
Ocean quahog,Arctica islandica,2013,                   0.00,POUND,,
Offshore hake,Merluccius albidus,2013,                   0.00,POUND,,
Pollock,Pollachius virens,2013,                 826.89,POUND,.9309,
Red deepsea crab,Chaceon quinquedens,2013,                   0.00,POUND,,j
Red hake,Urophycis chuss,2013,                 751.99,POUND,.3529,k
Scup,Stenotomus chrysops,2013,                   3.00,POUND,.9833,
Sea scallop,Placopecten magellanicus,2013,"               1,099.54",POUND,.3409,l
Silver hake,Merluccius bilinearis,2013,"              87,002.76",POUND,.2906,m
Skate Complex,Rajidae,2013,                 877.82,POUND,.6095,n
Spiny dogfish,Squalus acanthias,2013,                   0.00,POUND,,
Summer flounder,Paralichthys dentatus,2013,                   0.00,POUND,,
Tilefish,Lopholatilus chamaeleonticeps,2013,                   0.00,POUND,,
White hake,Urophycis tenuis,2013,                   3.00,POUND,1.026,
Windowpane,Scophthalmus aquosus,2013,                 928.75,POUND,.3302,"p, q"
Winter flounder,Pseudopleuronectes americanus,2013,"               3,577.18",POUND,.3193,r
Witch flounder,Glyptocephalus cynoglossus,2013,                 251.66,POUND,.4589,
Yellowtail flounder,Limanda ferruginea,2013,"               1,279.28",POUND,.4056,s
TOTAL FISHERY BYCATCH,,,"             139,474.09",POUND,,
TOTAL FISHERY LANDINGS,,,"             512,777.00",POUND,,
TOTAL CATCH (Bycatch + Landings),,,"             652,251.09",POUND,,
FISHERY BYCATCH RATIO (Bycatch/Total Catch),,,  0.21,,,
New England Small-Mesh Otter Trawl,,,,,,
Acadian redfish,Sebastes fasciatus,2013,"               2,365.47",POUND,.6346,a
American plaice,Hippoglossoides platessoides,2013,"              46,720.15",POUND,.4179,
Atlantic cod,Gadus morhua,2013,"              10,111.58",POUND,.3591,b
Atlantic halibut,Hippoglossus hippoglossus,2013,"               1,835.87",POUND,.5062,
Atlantic herring,Clupea harengus,2013,"             139,876.10",POUND,.5193,
Atlantic mackerel,Scomber scombrus,2013,"               2,326.76",POUND,.6332,
Atlantic salmon,Salmo salar,2013,                   0.00,POUND,,c
Atlantic surfclam,Spisula solidissima,2013,                   0.00,POUND,,
Atlantic wolffish,Anarhichas lupus,2013,                  34.12,POUND,1.0633,d
Black sea bass,Centropristis striata,2013,"              95,666.02",POUND,.2893,
Bluefish,Pomatomus saltatrix,2013,"               6,468.31",POUND,.3638,
Butterfish,Peprilus triacanthus,2013,"             498,365.40",POUND,.2863,
Goosefish,Lophius americanus,2013,"             138,972.75",POUND,.4415,"e, f"
Haddock,Melanogrammus aeglefinus,2013,"              81,113.06",POUND,.3041,g
Longfin inshore squid,Loligo pealeii,2013,"              81,967.05",POUND,.3272,h
Northern shortfin squid,Illex illecebrosus,2013,"             147,409.79",POUND,.6221,i
Ocean pout,Zoarces americanus,2013,"              14,809.88",POUND,.4769,
Ocean quahog,Arctica islandica,2013,                 988.28,POUND,.5892,
Offshore hake,Merluccius albidus,2013,"               1,578.12",POUND,1.1542,
Pollock,Pollachius virens,2013,"               3,786.92",POUND,.3973,
Red deepsea crab,Chaceon quinquedens,2013,"              19,396.47",POUND,.8607,j
Red hake,Urophycis chuss,2013,"           1,599,531.48",POUND,.2791,k
Scup,Stenotomus chrysops,2013,"             324,280.58",POUND,.4566,
Sea scallop,Placopecten magellanicus,2013,"               7,977.21",POUND,.3926,l
Silver hake,Merluccius bilinearis,2013,"           1,431,551.61",POUND,.4525,m
Skate Complex,Rajidae,2013,"           1,859,304.07",POUND,.2734,n
Spiny dogfish,Squalus acanthias,2013,"             851,771.90",POUND,.301,
Summer flounder,Paralichthys dentatus,2013,"              96,856.05",POUND,.27,
Tilefish,Lopholatilus chamaeleonticeps,2013,                 761.87,POUND,.5103,
White hake,Urophycis tenuis,2013,"               2,097.62",POUND,.3614,
Windowpane,Scophthalmus aquosus,2013,"              30,100.35",POUND,.2878,"p, q"
Winter flounder,Pseudopleuronectes americanus,2013,"             179,534.45",POUND,.2625,r
Witch flounder,Glyptocephalus cynoglossus,2013,"              53,915.88",POUND,.4991,
Yellowtail flounder,Limanda ferruginea,2013,"              32,160.75",POUND,.2193,s
TOTAL FISHERY BYCATCH,,,"           7,763,635.92",POUND,,
TOTAL FISHERY LANDINGS,,,"          32,101,283.45",POUND,,
TOTAL CATCH (Bycatch + Landings),,,"          39,864,919.37",POUND,,
FISHERY BYCATCH RATIO (Bycatch/Total Catch),,,  0.19,,,